,Grado de marginación,Nh,nh,media,Sh,Unnamed: 5,Wh
0,Muy alto,113,11,5841.4,6903.6,,0.046009771986970684
1,Alto,495,50,5434.7,8746.9,,0.2015472312703583
2,Medio,490,49,7398.4,9898.6,,0.1995114006514658
3,Bajo,575,58,9257.3,13041.8,,0.23412052117263843
4,Muy bajo,783,78,32850.6,75012.5,,0.31881107491856675
5,Total,2456,246,15480.634364820846,,,
